{"driver_1": {"v": 3, "emb": [-0.10081904381513596, 0.0655839815735817, 0.02847987413406372, -0.03230709210038185, -0.02713998593389988, -0.009084018878638744, -0.010354193858802319, -0.053233642131090164, 0.10837730020284653, -0.05283062160015106, 0.16921861469745636, -0.02796982228755951, -0.15363745391368866, -0.01825724169611931, -0.05303017422556877, 0.07367467880249023, -0.12693049013614655, -0.0464584082365036, -0.07727586477994919, -0.10587681829929352, 0.04278281703591347, 0.01975616067647934, -0.006400226149708033, 0.039838798344135284, -0.10689424723386765, -0.19895561039447784, -0.04433166980743408, -0.07049360871315002, 0.06563039124011993, -0.05391610413789749, 0.018381625413894653, -0.009531225077807903, -0.12884800136089325, -3.504398773657158e-05, -0.004584546200931072, 0.022798560559749603, -0.028637561947107315, -0.06904304027557373, 0.14504937827587128, -0.02113507129251957, -0.0847507119178772, 0.010998230427503586, 0.04689282923936844, 0.2102268636226654, 0.1343621164560318, 0.018813543021678925, -0.01173733826726675, -0.06499476730823517, 0.09515175223350525, -0.17519012093544006, 0.05774587765336037, 0.1146857738494873, 0.06730201095342636, 0.06800063699483871, 0.06179863587021828, -0.10441964119672775, -0.01204611174762249, 0.13367600739002228, -0.12417454272508621, 0.04416913911700249, 0.004978354554623365, -0.010769498534500599, -0.018745573237538338, -0.10758642107248306, 0.13852399587631226, 0.0893593430519104, -0.11083414405584335, -0.07137442380189896, 0.12430061399936676, -0.11153217405080795, -0.01846037060022354, 0.04188555106520653, -0.07881705462932587, -0.138937845826149, -0.19828879833221436, 0.07466942071914673, 0.3177141547203064, 0.16019977629184723, -0.08092302829027176, 0.008151460438966751, -0.060806311666965485, -0.03267255052924156, 0.03050287254154682, 0.0430503711104393, -0.09231452643871307, -0.04557321220636368, -0.003671834012493491, 0.05199074000120163, 0.12338623404502869, 0.02194969356060028, -0.04047786816954613, 0.14364424347877502, -0.008416390046477318, -0.022416692227125168, -0.03536651283502579, 2.3913489712867886e-05, -0.09661952406167984, 0.003916711080819368, -0.05660496652126312, 1.2479160886869067e-06, 0.008327549323439598, -0.07131455093622208, 0.04004283621907234, 0.09565898776054382, -0.1530483067035675, 0.11590427160263062, 0.02076406590640545, -0.020592983812093735, 0.029904160648584366, 0.056445591151714325, -0.06194635108113289, 0.0007422405760735273, 0.1072222888469696, -0.2028399556875229, 0.15663903951644897, 0.11958896368741989, 0.0811648964881897, 0.12523812055587769, 0.038842905312776566, 0.06060386821627617, 0.009692627005279064, 0.00608591316267848, -0.10983121395111084, -0.04242812097072601, 0.025222504511475563, -0.025279182940721512, 0.04947660490870476, 0.03282343968749046]}}